id,company_name,title,job_url,archive_url,archive_source,archive_status,scrape_status,scraped_text,category,date_archived
6ec40ca1-95e5-4505-aee1-11667fbe29f1,Kroll,Intern – Technology - Data Engineering,https://hcxs.fa.us2.oraclecloud.com/hcmUI/CandidateExperience/en/sites/CX_1/job/21013555,https://web.archive.org/web/20260426164754/https://hcxs.fa.us2.oraclecloud.com/hcmUI/CandidateExperience/en/sites/CX_1/job/21013555,wayback,success,success,"Kroll 
 
 
 
 
 
 
 

 

 
 
 
 
 

 
 
 
 
 
 
 
 
 
 
 
 
 
 
 
 
 
 
 
 
 
 
 
 
 1 capture 
 26 Apr 2026 
 
 
 
 
 
 
 
 
 
 
 
 
 
 
 
 Mar 
 APR 
 May 
 
 
 
 
 26 
 
 
 
 
 2025 
 2026 
 2027 
 
 
 
 
 
 
 
 success 
 fail 
 
 
 
 
 
 
 
 
 
 
 
 
 
 
 
 
 
 
 
 
 
 
 About this capture 
 
 
 
 
 
 
 COLLECTED BY 
 
 
 
 Collection: Save Page Now 
 
 
 
 
 TIMESTAMPS 
 
 
 
 
 
 The Wayback Machine - https://web.archive.org/web/20260426164754/https://hcxs.fa.us2.oraclecloud.com/hcmUI/CandidateExperience/en/sites/CX_1/job/21013555",,2026-04-26T16:48:27Z
1f454555-e3ae-4611-a53d-40c8d109d8c8,Kroll,Intern Technology - Cyber Risk & Infrastructure,https://hcxs.fa.us2.oraclecloud.com/hcmUI/CandidateExperience/en/sites/CX_1/job/21013557,,none,failed,skipped,,,2026-04-26T16:51:06Z
f301da26-1c76-4bd7-a703-7a4a42159c02,Output Biosciences,"Research Intern, Machine Learning",https://jobs.ashbyhq.com/output/da2723ca-a418-49f1-b7da-a4f383dd8239,https://web.archive.org/web/20260426165128/https://jobs.ashbyhq.com/output/da2723ca-a418-49f1-b7da-a4f383dd8239,wayback,success,success,"Research Intern, Machine Learning @ Output Biosciences 
 
 
 
 
 
 
 
 
 
 
 
 
 
 

 
 
 
 
 

 
 
 
 
 
 
 
 
 
 
 
 
 
 
 
 
 
 
 
 
 1 capture 
 26 Apr 2026 
 
 
 
 
 
 
 
 
 
 
 
 
 
 
 
 Mar 
 APR 
 May 
 
 
 
 
 26 
 
 
 
 
 2025 
 2026 
 2027 
 
 
 
 
 
 
 
 success 
 fail 
 
 
 
 
 
 
 
 
 
 
 
 
 
 
 
 
 
 
 
 
 
 
 About this capture 
 
 
 
 
 
 
 COLLECTED BY 
 
 
 
 Collection: Save Page Now 
 
 
 
 
 TIMESTAMPS 
 
 
 
 
 
 The Wayback Machine - https://web.archive.org/web/20260426165128/https://jobs.ashbyhq.com/output/da2723ca-a418-49f1-b7da-a4f383dd8239 
 
 
 
 
 You need to enable JavaScript to run this app.",,2026-04-26T16:51:49Z
9e0c7c74-d962-4dfd-a375-9f08ad8329ae,T. Rowe Price,T. Rowe Price Labs Intern Program,https://troweprice.wd5.myworkdayjobs.com/en-US/TRowePrice/job/New-York-NY/XMLNAME-2026-T-Rowe-Price-Labs-Internship-Program---New-York_81311,,none,failed,skipped,,,2026-04-26T16:54:08Z
